{
    "UI": [
        {
            "active": true,
            "name": "New Button",
            "parentIdx": -1,
            "pos": [
                0.27000001072883606,
                0.41999998688697815
            ],
            "scale": 0.3100000023841858,
            "textureClicked": "",
            "textureHover": "UI_logo.png",
            "textureIdle": "",
            "texturePressed": "",
            "type": "Button"
        }
    ],
    "environmentMapFileName": "Skybox0.dds",
    "lightColor": [
        1.0,
        1.0,
        1.0,
        1.0
    ],
    "lightDirection": [
        -0.7302482724189758,
        -0.4415314495563507,
        0.5213324427604675,
        1.0
    ],
    "navPolyIndices": [
        [
            0,
            1,
            2
        ]
    ],
    "navVertices": [
        [
            3.3921356201171875,
            0.0,
            5.181408882141113
        ],
        [
            5.3921356201171875,
            0.0,
            5.181408882141113
        ],
        [
            4.3921356201171875,
            0.0,
            7.181408882141113
        ]
    ],
    "postProcessing": {
        "bloomIntensity": 21.0,
        "flags": 32,
        "gammaIntensity": 1.0,
        "grayScaleIntensity": 0.0,
        "lutLerpFactor": 0.0,
        "radialBlurParam": [
            0.5,
            0.5,
            0.33000001311302185,
            1.7000000476837158
        ],
        "vignettingColor": [
            0.0,
            0.0,
            0.0,
            0.0
        ]
    },
    "rootGameObjects": [
        {
            "childGameObjects": [
                {
                    "childGameObjects": [],
                    "components": [
                        {
                            "NoiseIndex": 0,
                            "blendState": 0,
                            "dissolveData": {
                                "DissolveEdgeColor": [
                                    1.0,
                                    1.0,
                                    1.0,
                                    1.0
                                ],
                                "DissolveEdgeIntensity": 1.0,
                                "DissolveEdgeWidth": 1.0,
                                "DissolveThreshold": 0.20000000298023224
                            },
                            "materialFactor": [
                                {
                                    "ambientOcclusionFactor": 1.0,
                                    "baseColorFactor": [
                                        1.0,
                                        1.0,
                                        1.0,
                                        1.0
                                    ],
                                    "emissionFactor": [
                                        1.0,
                                        1.0,
                                        1.0
                                    ],
                                    "metallicFactor": 1.0,
                                    "normalScale": 1.0,
                                    "roughnessFactor": 1.0
                                }
                            ],
                            "modelAndMaterialFileNames": [
                                {
                                    "materialFileName": "",
                                    "modelFileName": "box.fbx"
                                }
                            ],
                            "psShaderName": "PSModel.hlsl",
                            "rasterState": 1,
                            "type": "ModelComponent",
                            "vsShaderName": "VSModel.hlsl"
                        }
                    ],
                    "name": "Gun",
                    "position": [
                        0.44999998807907104,
                        -0.4000000059604645,
                        2.299999952316284,
                        1.0
                    ],
                    "rotation": [
                        -0.0,
                        0.0,
                        -0.0,
                        1.0
                    ],
                    "scale": [
                        0.10000000149011612,
                        0.09000000357627869,
                        0.38999998569488525,
                        0.0
                    ],
                    "type": "GameObjectBase"
                }
            ],
            "components": [
                {
                    "farZ": 1000.0,
                    "fovY": 0.7853981852531433,
                    "nearZ": 0.10000000149011612,
                    "type": "CameraComponent"
                },
                {
                    "type": "CrossHairAndNode"
                }
            ],
            "name": "Player",
            "position": [
                0.0,
                1.0,
                0.0,
                0.0
            ],
            "rotation": [
                0.0,
                0.0,
                0.0,
                1.0
            ],
            "scale": [
                1.0,
                1.0,
                1.0,
                1.0
            ],
            "type": "Player"
        },
        {
            "childGameObjects": [],
            "components": [
                {
                    "NoiseIndex": 1,
                    "blendState": 0,
                    "dissolveData": {
                        "DissolveEdgeColor": [
                            1.0,
                            1.0,
                            1.0,
                            1.0
                        ],
                        "DissolveEdgeIntensity": 1.0,
                        "DissolveEdgeWidth": 1.0,
                        "DissolveThreshold": 0.20000000298023224
                    },
                    "materialFactor": [
                        {
                            "ambientOcclusionFactor": 1.0,
                            "baseColorFactor": [
                                1.0,
                                1.0,
                                1.0,
                                1.0
                            ],
                            "emissionFactor": [
                                1.0,
                                1.0,
                                1.0
                            ],
                            "metallicFactor": 1.0,
                            "normalScale": 1.0,
                            "roughnessFactor": 1.0
                        }
                    ],
                    "modelAndMaterialFileNames": [
                        {
                            "materialFileName": "test5",
                            "modelFileName": "mob_ani3.fbx"
                        }
                    ],
                    "psShaderName": "PSModel_Dissolve.hlsl",
                    "rasterState": 1,
                    "type": "SkinnedModelComponent",
                    "vsShaderName": "VSModelSkinAnim.hlsl"
                },
                {
                    "boundingBoxes": [
                        {
                            "center": [
                                0.0,
                                1.399999976158142,
                                0.0
                            ],
                            "extents": [
                                0.800000011920929,
                                1.2000000476837158,
                                0.800000011920929
                            ]
                        }
                    ],
                    "boundingFrustums": [],
                    "boundingOrientedBoxes": [],
                    "type": "ColliderComponent"
                },
                {
                    "current_state": "Idle",
                    "start_state": "Idle",