{
    "environmentMapFileName": "Skybox0.dds",
    "lightColor": [
        1.0,
        1.0,
        1.0,
        1.0
    ],
    "lightDirection": [
        -0.7302482724189758,
        -0.4415314495563507,
        0.5213324427604675,
        1.0
    ],
    "navPolyIndices": [
        [
            0,
            1,
            2
        ]
    ],
    "navVertices": [
        [
            3.3921356201171875,
            0.0,
            5.181408882141113
        ],
        [
            5.3921356201171875,
            0.0,
            5.181408882141113
        ],
        [
            4.3921356201171875,
            0.0,
            7.181408882141113
        ]
    ],
    "postProcessing": {
        "bloomIntensity": 21.0,
        "flags": 32,
        "gammaIntensity": 1.0,
        "grayScaleIntensity": 0.0,
        "lutLerpFactor": 0.0,
        "radialBlurParam": [
            0.5,
            0.5,
            0.33000001311302185,
            1.7000000476837158
        ],
        "vignettingColor": [
            0.0,
            0.0,
            0.0,
            0.0
        ]
    },
    "rootGameObjects": [
        {
            "childGameObjects": [],
            "components": [
                {
                    "NoiseIndex": 0,
                    "blendState": 0,
                    "dissolveData": {
                        "DissolveEdgeColor": [
                            1.0,
                            1.0,
                            1.0,
                            1.0
                        ],
                        "DissolveEdgeIntensity": 1.0,
                        "DissolveEdgeWidth": 1.0,
                        "DissolveThreshold": 0.20000000298023224
                    },
                    "modelAndMaterialFileNames": [],
                    "psShaderName": "PSModel.hlsl",
                    "rasterState": 1,
                    "type": "ModelComponent",
                    "vsShaderName": "VSModel.hlsl"
                }
            ],
            "name": "GameObjectBase_1",
            "position": [
                0.0,
                0.0,
                0.0,
                0.0
            ],
            "rotation": [
                -0.0,
                0.0,
                -0.0,
                1.0
            ],
            "scale": [
                100.0,
                1.0,
                100.0,
                1.0
            ],
            "type": "GameObjectBase"
        },
        {
            "childGameObjects": [],
            "components": [
                {
                    "NoiseIndex": 0,
                    "blendState": 0,
                    "dissolveData": {
                        "DissolveEdgeColor": [
                            1.0,
                            1.0,
                            1.0,
                            1.0
                        ],
                        "DissolveEdgeIntensity": 1.0,
                        "DissolveEdgeWidth": 1.0,
                        "DissolveThreshold": 0.20000000298023224
                    },
                    "modelAndMaterialFileNames": [
                        {
                            "materialFileName": "test5",
                            "modelFileName": "mob_attack_2.fbx"
                        }
                    ],
                    "psShaderName": "PSModel.hlsl",
                    "rasterState": 1,
                    "type": "SkinnedModelComponent",
                    "vsShaderName": "VSModelSkinAnim.hlsl"
                }
            ],
            "name": "GameObjectBase_4",
            "position": [
                0.0,
                1.2223339080810547,
                0.0,
                1.0
            ],
            "rotation": [
                -0.0,
                0.0,
                -0.0,
                1.0
            ],
            "scale": [
                1.0,
                1.0,
                1.0,
                0.0
            ],
            "type": "GameObjectBase"
        },
        {
            "childGameObjects": [],
            "components": [
                {
                    "NoiseIndex": 0,
                    "blendState": 0,
                    "dissolveData": {
                        "DissolveEdgeColor": [
                            1.0,
                            1.0,
                            1.0,
                            1.0
                        ],
                        "DissolveEdgeIntensity": 1.0,
                        "DissolveEdgeWidth": 1.0,
                        "DissolveThreshold": 0.20000000298023224
                    },
                    "modelAndMaterialFileNames": [
                        {
                            "materialFileName": "test5",
                            "modelFileName": "mob_attack_2.fbx"
                        }
                    ],
                    "psShaderName": "PSModel.hlsl",
                    "rasterState": 1,
                    "type": "SkinnedModelComponent",
                    "vsShaderName": "VSModelSkinAnim.hlsl"
                }
            ],
            "name": "GameObjectBase_6",
            "position": [
                5.361666679382324,
                0.0,
                0.0,
                1.0
            ],
            "rotation": [
                -0.0,
                0.0,
                -0.0,
                1.0
            ],
            "scale": [
                1.0,
                1.0,
                1.0,
                0.0
            ],
            "type": "GameObjectBase"
        },
        {
            "childGameObjects": [
                {
                    "childGameObjects": [],
                    "components": [
                        {
                            "NoiseIndex": 0,
                            "blendState": 0,
                            "dissolveData": {
                                "DissolveEdgeColor": [
                                    1.0,
                                    1.0,
                                    1.0,
                                    1.0
                                ],
                                "DissolveEdgeIntensity": 1.0,
                                "DissolveEdgeWidth": 1.0,
                                "DissolveThreshold": 0.20000000298023224
                            },
                            "modelAndMaterialFileNames": [
                                {
                                    "materialFileName": "",
                                    "modelFileName": "box.fbx"
                                }
                            ],
                            "psShaderName": "PSModel.hlsl",
                            "rasterState": 1,
                            "type": "ModelComponent",
                            "vsShaderName": "VSModel.hlsl"
                        }
                    ],
                    "name": "Gun",
                    "position": [
                        0.44999998807907104,
                        -0.4000000059604645,
                        2.299999952316284,
                        1.0
                    ],
                    "rotation": [
                        -0.0,
                        0.0,
                        -0.0,
                        1.0
                    ],
                    "scale": [
                        0.10000000149011612,
                        0.09000000357627869,
                        0.38999998569488525,
                        0.0
                    ],
                    "type": "GameObjectBase"
                }
            ],
            "components": [
                {
                    "farZ": 1000.0,
                    "fovY": 0.7853981852531433,
                    "nearZ": 0.10000000149011612,
                    "type": "CameraComponent"
                },
                {
                    "type": "CrossHairAndNode"
                }
            ],
            "name": "Player",