{
    "environmentMapFileName": "Skybox.dds",
    "lightColor": [
        1.0,
        1.0,
        1.0,
        1.0
    ],
    "lightDirection": [
        0.0,
        -1.0,
        0.0,
        1.0
    ],
    "navPolyIndices": [
        [
            0,
            1,
            2
        ],
        [
            1,
            2,
            3
        ],
        [
            3,
            1,
            4
        ],
        [
            1,
            4,
            5
        ],
        [
            5,
            1,
            6
        ],
        [
            6,
            5,
            7
        ],
        [
            7,
            6,
            8
        ],
        [
            6,
            8,
            0
        ],
        [
            0,
            1,
            6
        ]
    ],
    "navVertices": [
        [
            -5.0,
            0.0,
            -5.0
        ],
        [
            5.0,
            0.0,
            -5.0
        ],
        [
            0.0,
            0.0,
            5.0
        ],
        [
            21.3374080657959,
            0.0,
            28.416624069213867
        ],
        [
            24.338539123535156,
            0.0,
            -4.48912239074707
        ],
        [
            6.8278656005859375,
            0.0,
            -18.674156188964844
        ],
        [
            -9.660507202148438,
            0.0,
            -25.59708023071289
        ],
        [
            -15.416812896728516,
            0.0,
            -31.723730087280273
        ],
        [
            -34.14689636230469,
            0.0,
            -7.993082046508789
        ]
    ],
    "rootGameObjects": [
        {
            "childGameObjects": [],
            "components": [],
            "name": "SM_Object_07",
            "position": [
                -1.5208954811096191,
                1.7014317512512207,
                6.368762016296387,
                0.0
            ],
            "rotation": [
                0.0,
                0.0,
                0.0,
                1.0
            ],
            "scale": [
                1.0,
                1.0,
                1.0,
                1.0
            ],
            "type": "GameObjectBase"
        },
        {
            "childGameObjects": [],
            "components": [
                {
                    "blendState": 0,
                    "materialFactorData": {
                        "ambientOcclusionFactor": 1.0,
                        "baseColorFactor": [
                            1.0,
                            1.0,
                            1.0,
                            1.0
                        ],
                        "emissionFactor": [
                            1.0,
                            1.0,
                            1.0,
                            1.0
                        ],
                        "metallicFactor": 1.0,
                        "normalScale": 1.0,
                        "roughnessFactor": 1.0
                    },
                    "modelFileName": "HyojeTestScene/SM_Object_12.fbx",
                    "psShaderName": "PSModel.hlsl",
                    "rasterState": 1,
                    "type": "ModelComponent",
                    "vsShaderName": "VSModel.hlsl"
                }
            ],
            "name": "SM_Object_12",
            "position": [
                -16.753772735595703,
                3.189073324203491,
                19.251590728759766,
                0.0
            ],
            "rotation": [
                0.0,
                0.0,
                0.0,
                1.0
            ],
            "scale": [
                1.0,
                1.0,
                1.0,
                1.0
            ],
            "type": "GameObjectBase"
        },
        {
            "childGameObjects": [],
            "components": [
                {
                    "blendState": 0,
                    "materialFactorData": {
                        "ambientOcclusionFactor": 1.0,
                        "baseColorFactor": [
                            1.0,
                            1.0,
                            1.0,
                            1.0
                        ],
                        "emissionFactor": [
                            1.0,
                            1.0,
                            1.0,
                            1.0
                        ],
                        "metallicFactor": 1.0,
                        "normalScale": 1.0,
                        "roughnessFactor": 1.0
                    },
                    "modelFileName": "HyojeTestScene/SM_Object_13.fbx",
                    "psShaderName": "PSModel.hlsl",
                    "rasterState": 1,
                    "type": "ModelComponent",
                    "vsShaderName": "VSModel.hlsl"
                }
            ],
            "name": "SM_Object_13",
            "position": [
                -23.87095832824707,
                4.02072286605835,
                18.292953491210938,
                0.0
            ],
            "rotation": [
                0.0,
                0.0,
                0.0,
                1.0
            ],
            "scale": [
                1.0,
                1.0,
                1.0,
                1.0
            ],
            "type": "GameObjectBase"
        },
        {
            "childGameObjects": [],
            "components": [],
            "name": "SM_Object_10",
            "position": [
                -20.00965690612793,
                1.9435076713562012,
                20.268291473388672,
                0.0
            ],
            "rotation": [
                0.0,
                0.0,
                0.0,
                1.0
            ],
            "scale": [
                1.0,
                1.0,
                1.0,
                1.0
            ],
            "type": "GameObjectBase"
        },
        {
            "childGameObjects": [],
            "components": [
                {
                    "blendState": 0,
                    "materialFactorData": {
                        "ambientOcclusionFactor": 1.0,
                        "baseColorFactor": [
                            1.0,
                            1.0,
                            1.0,
                            1.0
                        ],
                        "emissionFactor": [
                            1.0,
                            1.0,
                            1.0,
                            1.0
                        ],
                        "metallicFactor": 1.0,
                        "normalScale": 1.0,
                        "roughnessFactor": 1.0
                    },
                    "modelFileName": "HyojeTestScene/SM_Object_11.fbx",
                    "psShaderName": "PSModel.hlsl",
                    "rasterState": 1,
                    "type": "ModelComponent",
                    "vsShaderName": "VSModel.hlsl"
                }
            ],
            "name": "SM_Object_11",
            "position": [
                -30.911319732666016,
                2.3831772804260254,
                17.64993667602539,
                0.0
            ],
            "rotation": [
                0.0,
                0.0,
                0.0,
                1.0
            ],
            "scale": [
                1.0,
                1.0,
                1.0,
                1.0
            ],
            "type": "GameObjectBase"
        },
        {
            "childGameObjects": [],
            "components": [],
            "name": "SM_Object_09",
            "position": [
                11.322461128234863,
                0.4361536502838135,
                15.99239444732666,
                0.0
            ],
            "rotation": [
                0.0,
                0.0,
                0.0,
                1.0
            ],