{
    "environmentMapFileName": "Skybox0.dds",
    "lightColor": [
        1.0,
        1.0,
        1.0,
        1.0
    ],
    "lightDirection": [
        -0.7302482724189758,
        -0.4415314495563507,
        0.5213324427604675,
        1.0
    ],
    "navPolyIndices": [
        [
            0,
            1,
            2
        ]
    ],
    "navVertices": [
        [
            1.638338565826416,
            0.0,
            4.247105598449707
        ],
        [
            3.638338565826416,
            0.0,
            4.247105598449707
        ],
        [
            2.638338565826416,
            0.0,
            6.247105598449707
        ]
    ],
    "postProcessing": {
        "bloomIntensity": 1.0,
        "flags": 1,
        "gammaIntensity": 1.0,
        "grayScaleIntensity": 0.0,
        "lutLerpFactor": 1.0,
        "radialBlurParam": [
            0.5,
            0.5,
            0.33000001311302185,
            1.7000000476837158
        ],
        "vignettingColor": [
            0.0,
            0.0,
            0.0,
            0.0
        ]
    },
    "rootGameObjects": [
        {
            "childGameObjects": [],
            "components": [
                {
                    "NoiseIndex": 0,
                    "blendState": 0,
                    "dissolveData": {
                        "DissolveEdgeColor": [
                            1.0,
                            1.0,
                            1.0,
                            1.0
                        ],
                        "DissolveEdgeIntensity": 1.0,
                        "DissolveEdgeWidth": 1.0,
                        "DissolveThreshold": 0.20000000298023224
                    },
                    "modelAndMaterialFileNames": [
                        {
                            "materialFileName": "",
                            "modelFileName": "box.fbx"
                        }
                    ],
                    "psShaderName": "PSModel.hlsl",
                    "rasterState": 1,
                    "type": "ModelComponent",
                    "vsShaderName": "VSModel.hlsl"
                }
            ],
            "name": "GameObjectBase_1",
            "position": [
                0.0,
                0.0,
                0.0,
                0.0
            ],
            "rotation": [
                0.0,
                0.0,
                0.0,
                1.0
            ],
            "scale": [
                1.0,
                1.0,
                1.0,
                1.0
            ],
            "type": "GameObjectBase"
        }
    ]
}