{
    "environmentMapFileName": "output_skybox.dds",
    "lightColor": [
        1.0,
        1.0,
        1.0,
        1.0
    ],
    "lightDirection": [
        -0.30495133996009827,
        -0.4132026135921478,
        -0.8580607771873474,
        1.0
    ],
    "navPolyIndices": [
        [
            0,
            1,
            2
        ]
    ],
    "navVertices": [
        [
            -0.8800511360168457,
            0.0,
            -0.054282188415527344
        ],
        [
            1.1199488639831543,
            0.0,
            -0.054282188415527344
        ],
        [
            0.1199488639831543,
            0.0,
            1.9457178115844727
        ]
    ],
    "postProcessing": {
        "bloomIntensity": 1.0,
        "flags": 1,
        "gammaIntensity": 1.0,
        "grayScaleIntensity": 0.0,
        "lutLerpFactor": 1.0,
        "radialBlurParam": [
            0.5,
            0.5,
            0.33000001311302185,
            1.7000000476837158
        ],
        "vignettingColor": [
            0.0,
            0.0,
            0.0,
            0.0
        ]
    },
    "rootGameObjects": [
        {
            "childGameObjects": [
                {
                    "childGameObjects": [],
                    "components": [
                        {
                            "NoiseIndex": 0,
                            "blendState": 0,
                            "dissolveData": {
                                "DissolveEdgeColor": [
                                    1.0,
                                    1.0,
                                    1.0,
                                    1.0
                                ],
                                "DissolveEdgeIntensity": 1.0,
                                "DissolveEdgeWidth": 1.0,
                                "DissolveThreshold": 0.20000000298023224
                            },
                            "materialFactor": [
                                {
                                    "ambientOcclusionFactor": 1.0,
                                    "baseColorFactor": [
                                        1.0,
                                        1.0,
                                        1.0,
                                        1.0
                                    ],
                                    "emissionFactor": [
                                        1.0,
                                        1.0,
                                        1.0
                                    ],
                                    "metallicFactor": 1.0,
                                    "normalScale": 1.0,
                                    "roughnessFactor": 1.0
                                }
                            ],
                            "modelAndMaterialFileNames": [
                                {
                                    "materialFileName": "",
                                    "modelFileName": "box.fbx"
                                }
                            ],
                            "psShaderName": "PSModel.hlsl",
                            "rasterState": 1,
                            "type": "ModelComponent",
                            "vsShaderName": "VSModel.hlsl"
                        },
                        {
                            "current_state": "Idle",
                            "start_state": "Idle",
                            "type": "FSMComponentGun"
                        }
                    ],
                    "name": "Gun",
                    "position": [
                        0.44999998807907104,
                        -0.4000000059604645,
                        2.299999952316284,
                        1.0
                    ],
                    "rotation": [
                        -0.0,
                        0.0,
                        -0.0,
                        1.0
                    ],
                    "scale": [
                        0.10000000149011612,
                        0.09000000357627869,
                        0.38999998569488525,
                        0.0
                    ],
                    "type": "GameObjectBase"
                }
            ],
            "components": [
                {
                    "farZ": 1000.0,
                    "fovY": 0.7853981852531433,
                    "nearZ": 0.10000000149011612,
                    "type": "CameraComponent"
                },
                {
                    "type": "CrossHairAndNode"
                }
            ],
            "name": "Player",
            "position": [
                0.0,
                1.0,
                0.0,
                0.0
            ],
            "rotation": [
                0.0,
                0.0,
                0.0,
                1.0
            ],
            "scale": [
                1.0,
                1.0,
                1.0,
                1.0
            ],
            "type": "Player"
        }
    ]
}