{
    "environmentMapFileName": "Skybox.dds",
    "lightColor": [
        1.0,
        1.0,
        1.0,
        1.0
    ],
    "lightDirection": [
        -0.7302482724189758,
        -0.4415314495563507,
        0.5213324427604675,
        1.0
    ],
    "navPolyIndices": [
        [
            0,
            1,
            2
        ]
    ],
    "navVertices": [
        [
            1.638338565826416,
            0.0,
            4.247105598449707
        ],
        [
            3.638338565826416,
            0.0,
            4.247105598449707
        ],
        [
            2.638338565826416,
            0.0,
            6.247105598449707
        ]
    ],
    "postProcessing": {
        "bloomIntensity": 1.0,
        "flags": 32,
        "gammaIntensity": 1.0,
        "grayScaleIntensity": 0.0,
        "lutLerpFactor": 1.0,
        "radialBlurParam": [
            0.5,
            0.5,
            0.33000001311302185,
            1.7000000476837158
        ],
        "vignettingColor": [
            0.0,
            0.0,
            0.0,
            0.0
        ]
    },
    "rootGameObjects": [
        {
            "childGameObjects": [],
            "components": [
                {
                    "NoiseIndex": 0,
                    "blendState": 0,
                    "materialFactorData": {
                        "DissolveEdgeColor": [
                            1.0,
                            1.0,
                            1.0,
                            1.0
                        ],
                        "DissolveEdgeIntensity": 1.0,
                        "DissolveEdgeWidth": 1.0,
                        "DissolvePadding": 1.0,
                        "DissolveThreshold": 0.20000000298023224,
                        "ambientOcclusionFactor": 1.0,
                        "baseColorFactor": [
                            1.0,
                            1.0,
                            1.0,
                            1.0
                        ],
                        "emissionFactor": [
                            1.0,
                            1.0,
                            1.0,
                            1.0
                        ],
                        "metallicFactor": 1.0,
                        "normalScale": 5.0,
                        "roughnessFactor": 1.0
                    },
                    "modelFileName": "Sand.fbx",
                    "psShaderName": "PSModel.hlsl",
                    "rasterState": 1,
                    "type": "ModelComponent",
                    "vsShaderName": "VSModel.hlsl"
                }
            ],
            "name": "GameObjectBase_1",
            "position": [
                0.0,
                0.0,
                0.0,
                0.0
            ],
            "rotation": [
                0.0,
                0.0,
                0.0,
                1.0
            ],
            "scale": [
                100.0,
                1.0,
                100.0,
                1.0
            ],
            "type": "GameObjectBase"
        },
        {
            "childGameObjects": [
                {
                    "childGameObjects": [
                        {
                            "childGameObjects": [],
                            "components": [
                                {
                                    "NoiseIndex": 0,
                                    "blendState": 0,
                                    "materialFactorData": {
                                        "DissolveEdgeColor": [
                                            1.0,
                                            1.0,
                                            1.0,
                                            1.0
                                        ],
                                        "DissolveEdgeIntensity": 1.0,
                                        "DissolveEdgeWidth": 1.0,
                                        "DissolvePadding": 1.0,
                                        "DissolveThreshold": 0.20000000298023224,
                                        "ambientOcclusionFactor": 1.0,
                                        "baseColorFactor": [
                                            1.0,
                                            1.0,
                                            1.0,
                                            1.0
                                        ],
                                        "emissionFactor": [
                                            1.0,
                                            1.0,
                                            1.0,
                                            1.0
                                        ],
                                        "metallicFactor": 1.0,
                                        "normalScale": 1.0,
                                        "roughnessFactor": 1.0
                                    },
                                    "modelFileName": "box.fbx",
                                    "psShaderName": "PSModel.hlsl",
                                    "rasterState": 1,
                                    "type": "ModelComponent",
                                    "vsShaderName": "VSModel.hlsl"
                                }
                            ],
                            "name": "Gun",
                            "position": [
                                0.44999998807907104,
                                -0.4000000059604645,
                                2.299999952316284,
                                0.0
                            ],
                            "rotation": [
                                0.0,
                                0.0,
                                0.0,
                                1.0
                            ],
                            "scale": [
                                0.10000000149011612,
                                0.09000000357627869,
                                0.38999998569488525,
                                1.0
                            ],
                            "type": "GameObjectBase"
                        }
                    ],
                    "components": [
                        {
                            "farZ": 1000.0,
                            "fovY": 0.7853981852531433,
                            "nearZ": 0.10000000149011612,
                            "type": "CameraComponent"
                        }
                    ],
                    "name": "CamRotObject_2",
                    "position": [
                        0.0,
                        1.7000000476837158,
                        0.0,
                        0.0
                    ],
                    "rotation": [
                        0.0,
                        0.0,
                        0.0,
                        1.0
                    ],
                    "scale": [
                        1.0,
                        1.0,
                        1.0,
                        1.0
                    ],
                    "type": "CamRotObject"
                }
            ],
            "components": [
                {
                    "type": "CrossHairAndNode"
                }
            ],
            "name": "Player",
            "position": [
                0.0,
                1.0,
                0.0,
                0.0
            ],
            "rotation": [
                0.0,
                0.0,
                0.0,
                1.0
            ],
            "scale": [
                1.0,
                1.0,
                1.0,
                1.0
            ],
            "type": "Player"
        },
        {
            "childGameObjects": [],
            "components": [
                {
                    "NoiseIndex": 0,
                    "blendState": 0,