{
    "environmentMapFileName": "output_skybox.dds",
    "lightColor": [
        1.0,
        1.0,
        1.0,
        1.0
    ],
    "lightDirection": [
        -0.331863135099411,
        -0.13384003937244415,
        -0.9337846040725708,
        1.0
    ],
    "navPolyIndices": [
        [
            0,
            1,
            2
        ]
    ],
    "navVertices": [
        [
            1.638338565826416,
            0.0,
            4.247105598449707
        ],
        [
            3.638338565826416,
            0.0,
            4.247105598449707
        ],
        [
            2.638338565826416,
            0.0,
            6.247105598449707
        ]
    ],
    "postProcessing": {
        "bloomIntensity": 1.0,
        "flags": 1,
        "gammaIntensity": 1.0,
        "grayScaleIntensity": 0.0,
        "lutLerpFactor": 1.0,
        "radialBlurParam": [
            0.5,
            0.5,
            0.33000001311302185,
            1.7000000476837158
        ],
        "vignettingColor": [
            0.0,
            0.0,
            0.0,
            0.0
        ]
    },
    "rootGameObjects": [
        {
            "childGameObjects": [],
            "components": [
                {
                    "NoiseIndex": 0,
                    "blendState": 0,
                    "dissolveData": {
                        "DissolveEdgeColor": [
                            1.0,
                            1.0,
                            1.0,
                            1.0
                        ],
                        "DissolveEdgeIntensity": 1.0,
                        "DissolveEdgeWidth": 1.0,
                        "DissolveThreshold": 0.20000000298023224
                    },
                    "materialFactor": [
                        {
                            "ambientOcclusionFactor": 1.0,
                            "baseColorFactor": [
                                1.0,
                                1.0,
                                1.0,
                                1.0
                            ],
                            "emissionFactor": [
                                1.0,
                                1.0,
                                1.0
                            ],
                            "metallicFactor": 1.0,
                            "normalScale": 1.0,
                            "roughnessFactor": 1.0
                        },
                        {
                            "ambientOcclusionFactor": 1.0,
                            "baseColorFactor": [
                                1.0,
                                1.0,
                                1.0,
                                1.0
                            ],
                            "emissionFactor": [
                                1.0,
                                1.0,
                                1.0
                            ],
                            "metallicFactor": 1.0,
                            "normalScale": 1.0,
                            "roughnessFactor": 1.0
                        }
                    ],
                    "modelAndMaterialFileNames": [
                        {
                            "materialFileName": "woodgreen",
                            "modelFileName": "greenhouse_wall.fbx"
                        },
                        {
                            "materialFileName": "wood_trim",
                            "modelFileName": "greenhouse_wood.fbx"
                        }
                    ],
                    "psShaderName": "PSModel.hlsl",
                    "rasterState": 1,
                    "type": "ModelComponent",
                    "vsShaderName": "VSModel.hlsl"
                }
            ],
            "name": "GameObjectBase_1",
            "position": [
                0.0,
                2.062119960784912,
                -0.24992452561855316,
                1.0
            ],
            "rotation": [
                0.7090041637420654,
                0.0,
                0.0,
                0.7052043676376343
            ],
            "scale": [
                32.25249481201172,
                32.252986907958984,
                32.252986907958984,
                0.0
            ],
            "type": "GameObjectBase"
        },
        {
            "childGameObjects": [],
            "components": [
                {
                    "NoiseIndex": 0,
                    "blendState": 0,
                    "dissolveData": {
                        "DissolveEdgeColor": [
                            1.0,
                            1.0,
                            1.0,
                            1.0
                        ],
                        "DissolveEdgeIntensity": 1.0,
                        "DissolveEdgeWidth": 1.0,
                        "DissolveThreshold": 0.20000000298023224
                    },
                    "materialFactor": [
                        {
                            "ambientOcclusionFactor": 1.0,
                            "baseColorFactor": [
                                1.0,
                                0.0,
                                0.0,
                                1.0
                            ],
                            "emissionFactor": [
                                1.0,
                                1.0,
                                1.0
                            ],
                            "metallicFactor": 1.0,
                            "normalScale": 1.0,
                            "roughnessFactor": 0.0
                        }
                    ],
                    "modelAndMaterialFileNames": [
                        {
                            "materialFileName": "",
                            "modelFileName": "box.fbx"
                        }
                    ],
                    "psShaderName": "PSModel.hlsl",
                    "rasterState": 1,
                    "type": "ModelComponent",
                    "vsShaderName": "VSModel.hlsl"
                }
            ],
            "name": "GameObjectBase_2",
            "position": [
                0.0,
                1.7999999523162842,
                -0.6000000238418579,
                0.0
            ],
            "rotation": [
                0.0,
                0.0,
                0.0,
                1.0
            ],
            "scale": [
                1.0,
                1.0,
                1.0,
                1.0
            ],
            "type": "GameObjectBase"
        }
    ]
}