{
    "UI": [],
    "environmentMapFileName": "Skybox.dds",
    "lightColor": [
        1.0,
        1.0,
        1.0,
        1.0
    ],
    "lightDirection": [
        -0.8609127402305603,
        -0.4958404004573822,
        -0.11389243602752686,
        1.0
    ],
    "navPolyIndices": [
        [
            0,
            1,
            2
        ],
        [
            0,
            1,
            3
        ],
        [
            1,
            3,
            4
        ],
        [
            4,
            1,
            5
        ],
        [
            1,
            5,
            2
        ],
        [
            3,
            0,
            6
        ],
        [
            0,
            6,
            7
        ],
        [
            7,
            0,
            2
        ],
        [
            5,
            2,
            8
        ],
        [
            2,
            8,
            7
        ],
        [
            3,
            4,
            9
        ]
    ],
    "navVertices": [
        [
            -1.001372218132019,
            0.0,
            0.28903770446777344
        ],
        [
            0.9986277222633362,
            0.0,
            0.28903770446777344
        ],
        [
            -0.0013722628355026245,
            0.0,
            2.2890377044677734
        ],
        [
            -0.8297119140625,
            0.0,
            -27.002059936523438
        ],
        [
            27.39183235168457,
            0.0,
            -7.717660903930664
        ],
        [
            21.648136138916016,
            0.0,
            16.959531784057617
        ],
        [
            -20.399911880493164,
            0.0,
            -12.550938606262207
        ],
        [
            -21.959211349487305,
            0.0,
            11.612655639648438
        ],
        [
            0.10975837707519531,
            0.0,
            19.59136199951172
        ],
        [
            19.015226364135742,
            0.0,
            -46.800811767578125
        ]
    ],
    "postProcessing": {
        "bloomIntensity": 1.0,
        "flags": 0,
        "gammaIntensity": 1.0,
        "grayScaleIntensity": 0.0,
        "lutLerpFactor": 0.0,
        "radialBlurParam": [
            0.5,
            0.5,
            0.33000001311302185,
            1.7000000476837158
        ],
        "vignettingColor": [
            0.0,
            0.0,
            0.0,
            0.0
        ]
    },
    "rootGameObjects": [
        {
            "childGameObjects": [
                {
                    "childGameObjects": [],
                    "components": [
                        {
                            "current_state": "Idle",
                            "start_state": "Idle",
                            "type": "FSMComponentGun"
                        },
                        {
                            "NoiseIndex": 0,
                            "blendState": 0,
                            "dissolveData": {
                                "DissolveEdgeColor": [
                                    1.0,
                                    1.0,
                                    1.0,
                                    1.0
                                ],
                                "DissolveEdgeIntensity": 1.0,
                                "DissolveEdgeWidth": 1.0,
                                "DissolveThreshold": 0.20000000298023224
                            },
                            "materialFactor": [
                                {
                                    "ambientOcclusionFactor": 1.0,
                                    "baseColorFactor": [
                                        1.0,
                                        1.0,
                                        1.0,
                                        1.0
                                    ],
                                    "emissionFactor": [
                                        1.0,
                                        1.0,
                                        1.0
                                    ],
                                    "metallicFactor": 1.0,
                                    "normalScale": 1.0,
                                    "roughnessFactor": 1.0
                                }
                            ],
                            "modelAndMaterialFileNames": [
                                {
                                    "materialFileName": "",
                                    "modelFileName": "box.fbx"
                                }
                            ],
                            "psShaderName": "PSModel.hlsl",
                            "rasterState": 1,
                            "type": "ModelComponent",
                            "vsShaderName": "VSModel.hlsl"
                        }
                    ],
                    "name": "Gun",
                    "position": [
                        0.44999998807907104,
                        -0.4000000059604645,
                        2.299999952316284,
                        1.0
                    ],
                    "rotation": [
                        -0.0,
                        0.0,
                        -0.0,
                        1.0
                    ],
                    "scale": [
                        0.10000000149011612,
                        0.09000000357627869,
                        0.38999998569488525,
                        0.0
                    ],
                    "type": "GameObjectBase"
                }
            ],
            "components": [
                {
                    "farZ": 250.0,
                    "fovY": 0.7853981852531433,
                    "nearZ": 0.10000000149011612,
                    "type": "CameraComponent"
                },
                {
                    "type": "CrossHairAndNode"
                }
            ],
            "name": "Player",
            "position": [
                0.0,
                1.600000023841858,
                0.0,
                0.0
            ],
            "rotation": [
                0.0,
                0.0,
                0.0,
                1.0
            ],
            "scale": [
                1.0,
                1.0,
                1.0,
                1.0
            ],
            "type": "Player"
        },
        {
            "childGameObjects": [],
            "components": [
                {
                    "NoiseIndex": 0,
                    "blendState": 0,
                    "dissolveData": {
                        "DissolveEdgeColor": [
                            1.0,
                            1.0,
                            1.0,
                            1.0
                        ],
                        "DissolveEdgeIntensity": 1.0,
                        "DissolveEdgeWidth": 1.0,
                        "DissolveThreshold": 0.20000000298023224
                    },
                    "materialFactor": [
                        {
                            "ambientOcclusionFactor": 1.0,
                            "baseColorFactor": [
                                1.0,
                                1.0,
                                1.0,
                                1.0
                            ],
                            "emissionFactor": [
                                1.0,
                                1.0,
                                1.0
                            ],
                            "metallicFactor": 1.0,
                            "normalScale": 1.0,
                            "roughnessFactor": 1.0
                        }
                    ],
                    "modelAndMaterialFileNames": [
                        {
                            "materialFileName": "temple",